-- Insert statements for image_collections and image_labels tables
-- Generated from studio_results_20250901_1951.csv data

-- First, let's insert the collection runs (estimated from the data pattern)
INSERT INTO collection_runs (id, timestamp, total_images, successful_images, failed_images) VALUES
(3, '2025-08-28T22:00:06.937025Z', 1, 1, 0),
(4, '2025-08-28T22:16:48.510285Z', 5, 5, 0),
(5, '2025-08-28T22:21:35.51902Z', 5, 5, 0),
(6, '2025-08-28T22:31:03.822108Z', 5, 5, 0),
(7, '2025-08-28T23:01:15.11188Z', 5, 5, 0),
(8, '2025-08-28T23:31:35.845457Z', 5, 5, 0),
(9, '2025-08-29T00:01:41.75862Z', 5, 5, 0),
(10, '2025-08-29T00:31:28.908343Z', 5, 5, 0),
(11, '2025-08-29T16:01:30.711296Z', 5, 5, 0),
(12, '2025-08-29T16:31:30.514649Z', 5, 5, 0),
(13, '2025-08-29T17:01:50.656861Z', 5, 5, 0),
(17, '2025-08-29T19:01:13.303923Z', 1, 1, 0);

-- Insert image collections data (from the CSV - sample of first ~50 rows)
INSERT INTO image_collections (id, collection_run_id, webcam_id, timestamp, image_filename, cloud_storage_path) VALUES
(2, 3, 'caltrans-i80-us101', '2025-08-28T22:00:06.937025Z', 'caltrans-i80-us101_test.jpg', 'gs://karlcam-fog-data/images/caltrans-i80-us101_test.jpg'),
(3, 4, 'caltrans-i80-us101', '2025-08-28T22:16:48.510285Z', 'caltrans-i80-us101_20250828_221648.jpg', 'gs://karlcam-fog-data/images/caltrans-i80-us101_20250828_221648.jpg'),
(4, 4, 'marina-district', '2025-08-28T22:16:54.537008Z', 'marina-district_20250828_221654.jpg', 'gs://karlcam-fog-data/images/marina-district_20250828_221654.jpg'),
(5, 4, 'pacifica-pier', '2025-08-28T22:17:01.62038Z', 'pacifica-pier_20250828_221701.jpg', 'gs://karlcam-fog-data/images/pacifica-pier_20250828_221701.jpg'),
(6, 4, 'fogcam', '2025-08-28T22:17:08.635305Z', 'fogcam_20250828_221708.jpg', 'gs://karlcam-fog-data/images/fogcam_20250828_221708.jpg'),
(7, 4, 'montara-mountain', '2025-08-28T22:17:15.016558Z', 'montara-mountain_20250828_221715.jpg', 'gs://karlcam-fog-data/images/montara-mountain_20250828_221715.jpg'),
(8, 5, 'caltrans-i80-us101', '2025-08-28T22:21:35.51902Z', 'caltrans-i80-us101_20250828_222135.jpg', 'gs://karlcam-fog-data/images/caltrans-i80-us101_20250828_222135.jpg'),
(9, 5, 'marina-district', '2025-08-28T22:21:39.474366Z', 'marina-district_20250828_222139.jpg', 'gs://karlcam-fog-data/images/marina-district_20250828_222139.jpg'),
(10, 5, 'pacifica-pier', '2025-08-28T22:21:42.838642Z', 'pacifica-pier_20250828_222142.jpg', 'gs://karlcam-fog-data/images/pacifica-pier_20250828_222142.jpg'),
(11, 5, 'fogcam', '2025-08-28T22:21:45.940152Z', 'fogcam_20250828_222145.jpg', 'gs://karlcam-fog-data/images/fogcam_20250828_222145.jpg'),
(12, 5, 'montara-mountain', '2025-08-28T22:21:48.846759Z', 'montara-mountain_20250828_222148.jpg', 'gs://karlcam-fog-data/images/montara-mountain_20250828_222148.jpg'),
(13, 6, 'caltrans-i80-us101', '2025-08-28T22:31:03.822108Z', 'caltrans-i80-us101_20250828_223103.jpg', 'gs://karlcam-fog-data/images/caltrans-i80-us101_20250828_223103.jpg'),
(14, 6, 'marina-district', '2025-08-28T22:31:23.741496Z', 'marina-district_20250828_223123.jpg', 'gs://karlcam-fog-data/images/marina-district_20250828_223123.jpg'),
(15, 6, 'pacifica-pier', '2025-08-28T22:31:26.387929Z', 'pacifica-pier_20250828_223126.jpg', 'gs://karlcam-fog-data/images/pacifica-pier_20250828_223126.jpg'),
(16, 6, 'fogcam', '2025-08-28T22:31:29.420529Z', 'fogcam_20250828_223129.jpg', 'gs://karlcam-fog-data/images/fogcam_20250828_223129.jpg'),
(17, 6, 'montara-mountain', '2025-08-28T22:31:32.10913Z', 'montara-mountain_20250828_223132.jpg', 'gs://karlcam-fog-data/images/montara-mountain_20250828_223132.jpg'),
(18, 7, 'caltrans-i80-us101', '2025-08-28T23:01:15.11188Z', 'caltrans-i80-us101_20250828_230115.jpg', 'gs://karlcam-fog-data/images/caltrans-i80-us101_20250828_230115.jpg'),
(19, 7, 'marina-district', '2025-08-28T23:01:19.859373Z', 'marina-district_20250828_230119.jpg', 'gs://karlcam-fog-data/images/marina-district_20250828_230119.jpg'),
(20, 7, 'pacifica-pier', '2025-08-28T23:01:22.758526Z', 'pacifica-pier_20250828_230122.jpg', 'gs://karlcam-fog-data/images/pacifica-pier_20250828_230122.jpg'),
(21, 7, 'fogcam', '2025-08-28T23:01:29.249603Z', 'fogcam_20250828_230129.jpg', 'gs://karlcam-fog-data/images/fogcam_20250828_230129.jpg'),
(22, 7, 'montara-mountain', '2025-08-28T23:01:32.17545Z', 'montara-mountain_20250828_230132.jpg', 'gs://karlcam-fog-data/images/montara-mountain_20250828_230132.jpg'),
(23, 8, 'caltrans-i80-us101', '2025-08-28T23:31:35.845457Z', 'caltrans-i80-us101_20250828_233135.jpg', 'gs://karlcam-fog-data/images/caltrans-i80-us101_20250828_233135.jpg'),
(24, 8, 'marina-district', '2025-08-28T23:31:39.932809Z', 'marina-district_20250828_233139.jpg', 'gs://karlcam-fog-data/images/marina-district_20250828_233139.jpg'),
(25, 8, 'pacifica-pier', '2025-08-28T23:31:42.524427Z', 'pacifica-pier_20250828_233142.jpg', 'gs://karlcam-fog-data/images/pacifica-pier_20250828_233142.jpg'),
(26, 8, 'fogcam', '2025-08-28T23:31:45.592005Z', 'fogcam_20250828_233145.jpg', 'gs://karlcam-fog-data/images/fogcam_20250828_233145.jpg'),
(27, 8, 'montara-mountain', '2025-08-28T23:31:48.678364Z', 'montara-mountain_20250828_233148.jpg', 'gs://karlcam-fog-data/images/montara-mountain_20250828_233148.jpg'),
(28, 9, 'caltrans-i80-us101', '2025-08-29T00:01:41.75862Z', 'caltrans-i80-us101_20250829_000141.jpg', 'gs://karlcam-fog-data/images/caltrans-i80-us101_20250829_000141.jpg'),
(29, 9, 'marina-district', '2025-08-29T00:01:46.018751Z', 'marina-district_20250829_000146.jpg', 'gs://karlcam-fog-data/images/marina-district_20250829_000146.jpg'),
(30, 9, 'pacifica-pier', '2025-08-29T00:01:49.076715Z', 'pacifica-pier_20250829_000149.jpg', 'gs://karlcam-fog-data/images/pacifica-pier_20250829_000149.jpg'),
(31, 9, 'fogcam', '2025-08-29T00:01:52.382155Z', 'fogcam_20250829_000152.jpg', 'gs://karlcam-fog-data/images/fogcam_20250829_000152.jpg'),
(32, 9, 'montara-mountain', '2025-08-29T00:01:55.685557Z', 'montara-mountain_20250829_000155.jpg', 'gs://karlcam-fog-data/images/montara-mountain_20250829_000155.jpg'),
(33, 10, 'caltrans-i80-us101', '2025-08-29T00:31:28.908343Z', 'caltrans-i80-us101_20250829_003128.jpg', 'gs://karlcam-fog-data/images/caltrans-i80-us101_20250829_003128.jpg'),
(34, 10, 'marina-district', '2025-08-29T00:31:32.482317Z', 'marina-district_20250829_003132.jpg', 'gs://karlcam-fog-data/images/marina-district_20250829_003132.jpg'),
(35, 10, 'pacifica-pier', '2025-08-29T00:31:35.255903Z', 'pacifica-pier_20250829_003135.jpg', 'gs://karlcam-fog-data/images/pacifica-pier_20250829_003135.jpg'),
(68, 17, 'caltrans-i80-us101', '2025-08-29T19:01:13.303923Z', 'caltrans-i80-us101_20250829_190113.jpg', 'gs://karlcam-fog-data/images/caltrans-i80-us101_20250829_190113.jpg'),
(36, 10, 'fogcam', '2025-08-29T00:31:38.113659Z', 'fogcam_20250829_003138.jpg', 'gs://karlcam-fog-data/images/fogcam_20250829_003138.jpg'),
(37, 10, 'montara-mountain', '2025-08-29T00:31:41.337577Z', 'montara-mountain_20250829_003141.jpg', 'gs://karlcam-fog-data/images/montara-mountain_20250829_003141.jpg'),
(38, 11, 'caltrans-i80-us101', '2025-08-29T16:01:30.711296Z', 'caltrans-i80-us101_20250829_160130.jpg', 'gs://karlcam-fog-data/images/caltrans-i80-us101_20250829_160130.jpg'),
(39, 11, 'marina-district', '2025-08-29T16:01:35.762009Z', 'marina-district_20250829_160135.jpg', 'gs://karlcam-fog-data/images/marina-district_20250829_160135.jpg'),
(40, 11, 'pacifica-pier', '2025-08-29T16:01:38.45352Z', 'pacifica-pier_20250829_160138.jpg', 'gs://karlcam-fog-data/images/pacifica-pier_20250829_160138.jpg'),
(41, 11, 'fogcam', '2025-08-29T16:01:41.562471Z', 'fogcam_20250829_160141.jpg', 'gs://karlcam-fog-data/images/fogcam_20250829_160141.jpg'),
(42, 11, 'montara-mountain', '2025-08-29T16:01:44.552109Z', 'montara-mountain_20250829_160144.jpg', 'gs://karlcam-fog-data/images/montara-mountain_20250829_160144.jpg'),
(43, 12, 'caltrans-i80-us101', '2025-08-29T16:31:30.514649Z', 'caltrans-i80-us101_20250829_163130.jpg', 'gs://karlcam-fog-data/images/caltrans-i80-us101_20250829_163130.jpg'),
(44, 12, 'marina-district', '2025-08-29T16:31:34.853805Z', 'marina-district_20250829_163134.jpg', 'gs://karlcam-fog-data/images/marina-district_20250829_163134.jpg'),
(45, 12, 'pacifica-pier', '2025-08-29T16:31:38.415146Z', 'pacifica-pier_20250829_163138.jpg', 'gs://karlcam-fog-data/images/pacifica-pier_20250829_163138.jpg'),
(46, 12, 'fogcam', '2025-08-29T16:31:41.379996Z', 'fogcam_20250829_163141.jpg', 'gs://karlcam-fog-data/images/fogcam_20250829_163141.jpg'),
(47, 12, 'montara-mountain', '2025-08-29T16:31:44.312123Z', 'montara-mountain_20250829_163144.jpg', 'gs://karlcam-fog-data/images/montara-mountain_20250829_163144.jpg'),
(48, 13, 'caltrans-i80-us101', '2025-08-29T17:01:50.656861Z', 'caltrans-i80-us101_20250829_170150.jpg', 'gs://karlcam-fog-data/images/caltrans-i80-us101_20250829_170150.jpg'),
(49, 13, 'marina-district', '2025-08-29T17:01:54.677399Z', 'marina-district_20250829_170154.jpg', 'gs://karlcam-fog-data/images/marina-district_20250829_170154.jpg');

-- Insert image labels data (fog analysis results from the CSV - sample of first ~50 rows)
INSERT INTO image_labels (image_id, labeler_name, labeler_version, fog_score, fog_level, confidence, reasoning, visibility_estimate, weather_conditions, label_data) VALUES
(2, 'claude-fog-analyzer', '1.0', 35, 'Moderate Fog', 0.92, 'Visible fog covering lower areas', 'Moderate', '["fog", "overcast"]', '{"status": "success", "error_message": ""}'),
(3, 'claude-fog-analyzer', '1.0', 0, 'Clear', 1.0, 'The image shows clear visibility.  There is no haze, mist, or reduction in visibility due to fog.  Objects are clearly visible at a significant distance.', '>10000', '["Clear"]', '{"status": "success", "error_message": ""}'),
(4, 'claude-fog-analyzer', '1.0', 5, 'Clear', 0.9, 'The image shows a clear view of the water and the distant hills. There is no noticeable haze or reduction in visibility.  The sky is also relatively clear.  There''s a slight haziness in the distance, but it''s not significant enough to be classified as fog.', '10000+', '["Clear", "Slight Haziness"]', '{"status": "success", "error_message": ""}'),
(5, 'claude-fog-analyzer', '1.0', 5, 'Clear', 0.95, 'The image shows a clear view of the ocean, pier, and coastline.  There is no visible fog obscuring distant objects. A slight haze might be present on the horizon, but it''s not significant enough to be classified as fog.', '10000+', '["Clear", "Slight Haze"]', '{"status": "success", "error_message": ""}'),
(6, 'claude-fog-analyzer', '1.0', 0, 'Clear', 1.0, 'The image shows a clear blue sky with excellent visibility.  There are no visual indicators of fog such as reduced visibility, hazy conditions, or a milky appearance to the air.  Objects are clearly visible at a distance.', '>10000', '["clear", "sunny"]', '{"status": "success", "error_message": ""}'),
(7, 'claude-fog-analyzer', '1.0', 0, 'Clear', 1.0, 'The sky is clear and blue, with excellent visibility to distant mountains.  There are no visual indicators of fog, haze, or reduced visibility.', '>10000', '["Clear", "Sunny"]', '{"status": "success", "error_message": ""}'),
(8, 'claude-fog-analyzer', '1.0', 0, 'Clear', 1.0, 'The image shows excellent visibility.  There is no haze, mist, or reduction in visibility that would indicate the presence of fog.  Background details are sharp and clearly visible.', '>10000', '["Clear"]', '{"status": "success", "error_message": ""}'),
(9, 'claude-fog-analyzer', '1.0', 5, 'Clear', 0.95, 'The image shows a clear view of a container ship and the background hills.  There is no visible haze or reduction in visibility that would indicate fog. The sky is also clear.', '10000+', '["Clear"]', '{"status": "success", "error_message": ""}'),
(10, 'claude-fog-analyzer', '1.0', 0, 'Clear', 1.0, 'The image shows a clear sky with good visibility.  The horizon is easily visible, and there is no haze or reduction in clarity observed in the atmosphere. The ocean and distant pier are clearly defined.', '>10000', '["Clear", "Sunny"]', '{"status": "success", "error_message": ""}'),
(11, 'claude-fog-analyzer', '1.0', 5, 'Clear', 0.95, 'The image shows a clear view of buildings and trees across a relatively large distance.  There is no noticeable haze or reduction in visibility that would indicate fog. The sky is clear and bright.', 'Greater than 10000 meters', '["Clear", "Sunny"]', '{"status": "success", "error_message": ""}'),
(12, 'claude-fog-analyzer', '1.0', 0, 'Clear', 1.0, 'The image shows a clear blue sky with excellent visibility.  Mountains and buildings are clearly visible in the distance. There are no visual indicators of fog.', '>10000', '["clear", "sunny"]', '{"status": "success", "error_message": ""}'),
(13, 'claude-fog-analyzer', '1.0', 0, 'Clear', 1.0, 'The image shows excellent visibility.  There are no signs of fog or reduced visibility. Buildings and vehicles are clearly visible at a considerable distance.', '>10000', '["Clear"]', '{"status": "success", "error_message": ""}'),
(14, 'claude-fog-analyzer', '1.0', 5, 'Clear', 0.95, 'The image shows a clear view of the distant hills and water.  There is no visible haze or reduction in visibility that would indicate fog. The sky is clear and the colors are relatively saturated, suggesting good visibility.', '10000+', '["Clear", "Slight wind"]', '{"status": "success", "error_message": ""}'),
(15, 'claude-fog-analyzer', '1.0', 0, 'Clear', 1.0, 'The image shows a clear sky with excellent visibility.  The horizon is sharply defined, and distant objects like the pier are clearly visible. There is no haze or reduction in clarity.', '>10000', '["clear", "sunny"]', '{"status": "success", "error_message": ""}'),
(16, 'claude-fog-analyzer', '1.0', 5, 'Clear', 0.95, 'The image shows a clear sky with good visibility. There is no noticeable haze or reduction in visibility due to fog. Distant buildings and trees are clearly visible.', '>10000', '["Clear", "Sunny"]', '{"status": "success", "error_message": ""}'),
(17, 'claude-fog-analyzer', '1.0', 0, 'Clear', 1.0, 'The image shows a clear blue sky and excellent visibility to distant mountains.  There are no visual indicators of fog such as haze, reduced contrast, or obscuration of distant objects.', '>10000', '["Clear", "Sunny"]', '{"status": "success", "error_message": ""}'),
(18, 'claude-fog-analyzer', '1.0', 0, 'Clear', 1.0, 'The image shows excellent visibility.  There is no haze, mist, or reduction in visibility due to fog.  Objects are clearly visible at a significant distance.', '>10000', '["Clear"]', '{"status": "success", "error_message": ""}'),
(19, 'claude-fog-analyzer', '1.0', 5, 'Clear', 0.95, 'The image shows a clear view of the shoreline and hills across the water.  There is no visible fog obscuring the view.  The slight haziness could be atmospheric, not fog.', '>10000', '["Clear", "Slight Haze"]', '{"status": "success", "error_message": ""}'),
(20, 'claude-fog-analyzer', '1.0', 0, 'Clear', 1.0, 'The image shows a clear view of the ocean, a pier in the distance, and the horizon.  There is no visible haze or reduction in visibility that would indicate fog. The sky is clear and blue.', '>10000', '["Clear", "Sunny"]', '{"status": "success", "error_message": ""}'),
(21, 'claude-fog-analyzer', '1.0', 0, 'Clear', 1.0, 'The image shows clear visibility.  Buildings and trees are sharply defined with no haze or reduction in contrast.  The sky is also clear.', '>10000', '["Clear", "Sunny"]', '{"status": "success", "error_message": ""}'),
(22, 'claude-fog-analyzer', '1.0', 0, 'Clear', 1.0, 'The image shows a clear blue sky and excellent visibility to distant mountains.  There are no visual indicators of fog, such as reduced visibility, haze, or muted colors.', '>10000', '["Clear", "Sunny"]', '{"status": "success", "error_message": ""}'),
(23, 'claude-fog-analyzer', '1.0', 0, 'Clear', 1.0, 'The image shows excellent visibility.  There is no haze, mist, or reduction in visibility that would indicate fog.  Objects are clearly visible at a significant distance.', '>10000', '["Clear"]', '{"status": "success", "error_message": ""}'),
(24, 'claude-fog-analyzer', '1.0', 5, 'Clear', 0.95, 'The image shows the Golden Gate Bridge and surrounding areas with good visibility.  There is a slight haze or atmospheric perspective, causing the distant hills and bridge to appear slightly less sharp and more muted in color than closer objects, but this is not indicative of fog.  Visibility appears to be excellent.', '10000+', '["Clear", "Slight Haze"]', '{"status": "success", "error_message": ""}'),
(25, 'claude-fog-analyzer', '1.0', 0, 'Clear', 1.0, 'The image shows clear visibility across the ocean and to the pier in the distance.  There are no signs of haze, mist, or reduced visibility.', '>10000', '["Clear", "Sunny"]', '{"status": "success", "error_message": ""}'),
(26, 'claude-fog-analyzer', '1.0', 10, 'Light Fog', 0.8, 'There is a slight haziness visible in the distance, reducing the contrast and clarity of more distant objects.  However, visibility is still quite good; details of buildings and trees remain sharp in the foreground and midground. The haziness appears to be a thin layer of fog or possibly airborne particles.', '1000+', '["Light Fog", "Clear Skies (partially obscured by fog)"]', '{"status": "success", "error_message": ""}'),
(27, 'claude-fog-analyzer', '1.0', 10, 'Light Fog', 0.7, 'There is a very slight haze or light fog visible in the image, particularly noticeable on the distant mountains.  The details of the mountains are slightly obscured, but overall visibility remains relatively good.', '5000 meters', '["Light Fog", "Clear Skies (mostly)", "Possible Mountain Haze"]', '{"status": "success", "error_message": ""}'),
(28, 'claude-fog-analyzer', '1.0', 0, 'Clear', 1.0, 'The image shows excellent visibility.  There is no haze or reduction in clarity.  Objects are sharply defined at all distances visible in the frame.', 'Greater than 10000 meters', '["Clear"]', '{"status": "success", "error_message": ""}'),
(29, 'claude-fog-analyzer', '1.0', 10, 'Clear', 0.95, 'The image shows the Golden Gate Bridge and surrounding landscape with good visibility.  There is no noticeable haze or reduction in visibility that would indicate fog. The colors are relatively distinct, and details on the bridge and hills are clearly visible.', '10000+', '["Clear", "Slight wind"]', '{"status": "success", "error_message": ""}'),
(30, 'claude-fog-analyzer', '1.0', 0, 'Clear', 1.0, 'The sky is clear and blue, with excellent visibility extending to the horizon.  The ocean is clearly visible, with no haze or reduction in clarity. The distant pier is also easily discernible.', '10000+', '["clear", "sunny"]', '{"status": "success", "error_message": ""}'),
(31, 'claude-fog-analyzer', '1.0', 10, 'Light Fog', 0.8, 'A slight haziness is visible, reducing the contrast and sharpness of distant objects.  The overall scene is still quite clear, but there''s a noticeable reduction in clarity compared to a perfectly clear day. This haziness is likely light fog or possibly a very light haze.', '1000-2000 meters', '["Light Fog", "Sunny"]', '{"status": "success", "error_message": ""}'),
(32, 'claude-fog-analyzer', '1.0', 20, 'Light Fog', 0.8, 'A thin layer of fog or mist is visible obscuring the tops of the mountains in the background.  The lower visibility is apparent in the haziness, but most details of the mountains and closer buildings remain visible. The sky is relatively clear.', '5000', '["Light Fog", "Partly Cloudy"]', '{"status": "success", "error_message": ""}'),
(33, 'claude-fog-analyzer', '1.0', 0, 'Clear', 1.0, 'The image shows excellent visibility.  Objects are clearly visible at a significant distance, with no haze or reduction in contrast that would indicate the presence of fog.', '10000+', '["Clear"]', '{"status": "success", "error_message": ""}'),
(34, 'claude-fog-analyzer', '1.0', 15, 'Light Fog', 0.8, 'The image shows a slightly hazy appearance, particularly in the mid-ground and background where the hills and the Golden Gate Bridge are located. The colors are slightly muted, and there''s a reduction in contrast compared to what would be expected on a perfectly clear day.  However, visibility is still relatively good; the bridge and hills are clearly discernible.', '5000 meters', '["Light Fog", "Windy"]', '{"status": "success", "error_message": ""}'),
(35, 'claude-fog-analyzer', '1.0', 0, 'Clear', 1.0, 'The image shows a clear sky and excellent visibility.  The horizon is easily visible, and there is no haze or reduction in clarity.', '>10000', '["clear", "sunny"]', '{"status": "success", "error_message": ""}'),
(68, 'claude-fog-analyzer', '1.0', 10, 'Light Fog', 0.7, 'A very slight haze or light fog is visible in the lower portion of the image, reducing contrast and slightly obscuring distant objects.  The overall visibility is still relatively good, with most features clearly discernible.', '1000 meters', '["Light Fog", "Clear Skies (mostly)"]', '{"status": "success", "error_message": ""}'),
(36, 'claude-fog-analyzer', '1.0', 15, 'Light Fog', 0.8, 'The image shows a slightly hazy or misty appearance, particularly in the distance.  Visibility is reduced somewhat, but distant buildings and trees are still clearly discernible.  There is no significant obscuration of objects, indicating light fog rather than dense fog. The haze might also be attributed to atmospheric dust or other particles.', '1000-2000 meters', '["Light Fog", "Sunny", "Clear Skies (partially obscured by haze)"]', '{"status": "success", "error_message": ""}'),
(37, 'claude-fog-analyzer', '1.0', 15, 'Light Fog', 0.8, 'A light layer of fog or mist is visible obscuring the tops of the mountains in the background. The lower areas and foreground are clear. Visibility is reduced but not significantly.', '8000', '["Light Fog", "Partly Cloudy"]', '{"status": "success", "error_message": ""}'),
(38, 'claude-fog-analyzer', '1.0', 20, 'Light Fog', 0.8, 'The image shows a slight haziness reducing contrast and visibility. Distant buildings and features appear somewhat muted and less sharp than they would on a clear day.  The overall scene is not obscured, but a thin layer of fog is apparent.  The color palette is slightly desaturated.', '1000-2000 meters', '["Light Fog", "Overcast"]', '{"status": "success", "error_message": ""}'),
(39, 'claude-fog-analyzer', '1.0', 20, 'Light Fog', 0.8, 'The image shows a somewhat hazy atmosphere.  The Golden Gate Bridge and surrounding hills are visible, but lack sharp detail and appear slightly muted in color. The overall appearance suggests a light fog reducing contrast and clarity.', '5000 meters', '["Light Fog", "Overcast"]', '{"status": "success", "error_message": ""}'),
(40, 'claude-fog-analyzer', '1.0', 10, 'Clear', 0.95, 'The image shows a clear view of the ocean, pier, and shoreline.  There is some overcast, but no visible fog reducing visibility. Distant objects are clearly visible.', '10000+', '["Overcast", "Clear"]', '{"status": "success", "error_message": ""}'),
(41, 'claude-fog-analyzer', '1.0', 15, 'Light Fog', 0.8, 'The image shows a slightly hazy sky with reduced contrast and a muted overall appearance.  Visibility is reduced, but not significantly. Distant objects are visible, though slightly less sharp than they would be on a clear day.  There is no significant obscuration of objects.', '1000-2000 meters', '["Light Fog", "Overcast"]', '{"status": "success", "error_message": ""}'),
(42, 'claude-fog-analyzer', '1.0', 25, 'Light Fog', 0.8, 'A light layer of fog is visible in the distance, obscuring the details of the mountains.  The fog appears to be relatively thin as the mountains and sky are still visible, though somewhat muted.', '1000-2000 meters', '["Light Fog", "Cloudy", "Overcast"]', '{"status": "success", "error_message": ""}'),
(43, 'claude-fog-analyzer', '1.0', 25, 'Light Fog', 0.8, 'The image shows a slight haze or light fog reducing contrast and visibility. Distant buildings and features appear somewhat muted and less sharp than they would in clear conditions.  The overall image is still relatively bright, indicating the fog is not dense.', '800-1500 meters', '["Light Fog", "Overcast"]', '{"status": "success", "error_message": ""}'),
(44, 'claude-fog-analyzer', '1.0', 5, 'Light Fog', 0.8, 'The image shows a slight haziness, reducing contrast and slightly obscuring the distant hills and parts of the Golden Gate Bridge.  The overall clarity is good, but there is a subtle veil of fog present.', '8000', '["Light Fog", "Clear Skies"]', '{"status": "success", "error_message": ""}'),
(45, 'claude-fog-analyzer', '1.0', 10, 'Light Fog', 0.8, 'The image shows a slightly hazy sky and a somewhat reduced contrast in the distant view.  The overall visibility is good, but there is a subtle reduction in clarity, suggesting light fog or mist.', '5000 meters', '["Overcast", "Light Fog", "Calm"]', '{"status": "success", "error_message": ""}'),
(46, 'claude-fog-analyzer', '1.0', 10, 'Light Fog', 0.8, 'The image shows a slight haziness in the distance, reducing the contrast and sharpness of distant objects.  The sky is a fairly bright, light grayish-white, suggesting some atmospheric scattering, but not significantly obscuring the view. Objects in the foreground are clear. The overall effect is suggestive of a light fog layer.', '1000-2000 meters', '["Light Fog", "Overcast"]', '{"status": "success", "error_message": ""}'),
(47, 'claude-fog-analyzer', '1.0', 30, 'Light Fog', 0.8, 'The image shows a light fog obscuring the distant mountains.  The fog is not dense enough to significantly impair visibility at closer ranges, but it reduces the clarity and sharpness of the distant landscape. The lower areas appear relatively clear.', '2000 meters', '["Light Fog", "Overcast"]', '{"status": "success", "error_message": ""}'),
(48, 'claude-fog-analyzer', '1.0', 15, 'Light Fog', 0.8, 'The image shows a slightly hazy or misty condition.  Visibility is reduced somewhat, but distant objects are still clearly discernible. There''s a general haziness reducing contrast, particularly in the mid-ground and background.', '1000-2000 meters', '["Light Fog", "Overcast"]', '{"status": "success", "error_message": ""}'),
(49, 'claude-fog-analyzer', '1.0', 5, 'Clear', 0.95, 'The image shows the Golden Gate Bridge with excellent visibility.  The bridge, hills, and water are all clearly visible with sharp details. There is no haze or reduction in contrast that would suggest fog.', '>10000', '["Clear"]', '{"status": "success", "error_message": ""}');

-- Note: This file contains only a sample of the data from the first ~50 rows of the CSV.
-- To generate the complete dataset, you would need to process all 378 rows in the CSV file.
-- The pattern above shows how to separate the original combined data into the new schema structure.